Topic,Setting,Character1,Character2,Personality1,Personality2,scenario,shared_goal,first_agent_goal,second_agent_goal
Implementing a New Digital Payment System,Professional,Steve Jobs,Jack Dorsey,"{ ""Openness"": 4, ""Conscientiousness"": 5, ""Agreeableness"": 3, ""Extroversion"": 4, ""Neuroticism"": 3 }","{ ""Openness"": 5, ""Conscientiousness"": 4, ""Agreeableness"": 3, ""Extroversion"": 3, ""Neuroticism"": 3 }",Implementing a New Digital Payment System in a Multinational Corporation,successfully launch the digital payment system within six months while minimizing cost and maximizing efficiency,complete the project on time and receive a promotion to team lead,ensure the system is implemented in a way that benefits the company's low-income customers
Organizing a Global Conference on Future Technology,Academic,Steve Jobs,Demis Hassabis,"{ ""Openness"": 4, ""Conscientiousness"": 5, ""Agreeableness"": 3, ""Extroversion"": 4, ""Neuroticism"": 3 }","{ ""Openness"": 5, ""Conscientiousness"": 4, ""Agreeableness"": 3, ""Extroversion"": 3, ""Neuroticism"": 2 }","Agent 1 and Agent 2 are part of the Organizing Committee for the upcoming Global Conference on Future Technology. The conference, themed 'Technological Innovations for a Sustainable Future,' aims to bring together leading researchers and experts in the field of technology to share knowledge and collaborate on solving real-world problems.","To successfully host the Global Conference on Future Technology, making it a memorable and impactful event for all attendees, including academics, industry professionals, and policymakers.",Agent 1 wants to ensure that the conference includes a strong focus on the environmental impact of technology and that all sessions and workshops align with the conference theme.,"Agent 2 aims to maximize the visibility and commercial potential of the conference, ensuring that it attracts a high number of high-profile sponsors and attendees, regardless of the theme."
Organizing a Charity Fundraiser,Humanitarian/Philanthropy,Steve Jobs,Bill Gates,"{ ""Openness"": 4, ""Conscientiousness"": 5, ""Agreeableness"": 3, ""Extroversion"": 4, ""Neuroticism"": 3 }","{ ""Openness"": 5, ""Conscientiousness"": 5, ""Agreeableness"": 4, ""Extroversion"": 3, ""Neuroticism"": 2 }","A sweltering heatwave had been plaguing the city for weeks, leaving the homeless population struggling to cope with the extreme temperatures. Agent 1 and Agent 2 were two renowned philanthropists who had joined forces to organize a massive charity fundraiser to raise awareness and funds for a new homeless shelter. The event was scheduled to take place in just two weeks, and tensions were running high. Agent 1, a perfectionist with a type-A personality, was determined to make the event a resounding success. Agent 2, a free spirit with a strong desire for creativity and autonomy, was more concerned with the artistic direction and tone of the event. The temperature level of 5 indicated that the agents were operating in a high-stress environment, where compromise and adaptability were crucial.","Raise at least $500,000 for the new homeless shelter and gather support from the community to make the shelter a reality.","Ensure the event is executed flawlessly, with precise timelines, budgets, and logistics, to attract a high-profile donor.",Create a unique and captivating experience that showcases the plight of the homeless population and sparks a sense of empathy in the attendees.
Planning a Space Exploration Mission,Science/Exploration,Steve Jobs,Neil deGrasse Tyson,"{ ""Openness"": 4, ""Conscientiousness"": 5, ""Agreeableness"": 3, ""Extroversion"": 4, ""Neuroticism"": 3 }","{ ""Openness"": 5, ""Conscientiousness"": 4, ""Agreeableness"": 4, ""Extroversion"": 5, ""Neuroticism"": 2 }","Asteroid Mining and Colony Establishment: Agents 1 and 2 are tasked with leading a team to establish a human colony on a newly discovered asteroid. The asteroid has limited resources and a harsh environment. Both agents aim to lead their team to the colony’s first self-sustaining harvest season. Their personal goals however differ. Agent 1 is focused on finding a reliable source of water for the colony, while Agent 2 is determined to establish a steady food supply. This will set them on a collision course as they try to navigate their team through an unforgiving environment with limited resources. The harsh environment is composed of extreme temperatures ranging from -20°C to 100°C, a toxic atmosphere, and low gravity. The task is made even more difficult because the colony's current location on the asteroid has limited access to resources and supplies, meaning that they will need to rely on their own resources to survive, further increasing the level of stress on the agents. As they navigate this difficult situation, they must make crucial decisions about resource allocation, team member roles, and emergency preparedness. Along the way, they will encounter challenges such as equipment failures, resource shortages, and internal team conflicts. To make things worse, they are running against a 6-month clock before the asteroid’s rotation makes the colony inaccessible due to extreme weather conditions.",to lead the team to the colony\u2019s first self-sustaining harvest season,to find a reliable source of water for the colony,to establish a steady food supply
Creating a Mindfulness Retreat for CEOs,Wellness & Mental Health,Steve Jobs,Dalai Lama,"{ ""Openness"": 4, ""Conscientiousness"": 5, ""Agreeableness"": 3, ""Extroversion"": 4, ""Neuroticism"": 3 }","{ ""Openness"": 5, ""Conscientiousness"": 4, ""Agreeableness"": 5, ""Extroversion"": 3, ""Neuroticism"": 1 }","At the peak of summer, a severe heatwave hits the small town of Willow Creek, where the prestigious Oakwood Corporation is hosting a highly anticipated mindfulness retreat for CEOs. The event aims to help high-level executives develop mindfulness skills, leading to improved mental well-being and increased productivity. However, the sweltering heat and limited resources make the task daunting. Both Agent 1, a seasoned mindfulness coach, and Agent 2, a ruthless businesswoman, are responsible for the event\u2019s success. Their shared goal is to create a stress-free and productive retreat, but their personal goals differ significantly.\n\nAgent 1 seeks to create an authentic and genuine experience for the CEOs, focusing on the spiritual aspects of mindfulness. Agent 2, on the other hand, views the event as an opportunity to boost the Oakwood Corporation\u2019s reputation and increase its revenue through the sale of mindfulness products and services.\n\nAs the heatwave intensifies, Agent 1 suggests moving the event to a nearby outdoor location with a natural setting, emphasizing the connection to nature. However, Agent 2 opposes this idea, insisting that the original venue is more \u201cbusiness-friendly\u201d and would generate more revenue. Agent 1\u2019s compromise is met with skepticism, and the situation escalates into a heated argument.",To create a stress-free and productive mindfulness retreat for CEOs,To create an authentic and genuine experience for the CEOs,To boost the Oakwood Corporation\\u2019s reputation and increase revenue
Training for an Extreme Endurance Challenge,Sports & Fitness,Steve Jobs,David Goggins,"{ ""Openness"": 4, ""Conscientiousness"": 5, ""Agreeableness"": 3, ""Extroversion"": 4, ""Neuroticism"": 3 }","{ ""Openness"": 4, ""Conscientiousness"": 5, ""Agreeableness"": 2, ""Extroversion"": 4, ""Neuroticism"": 2 }","The extreme endurance challenge of traversing the Amazon rainforest took place over 1000 miles, starting from the eastern edge of the rainforest in Brazil and finishing at the western edge in Peru. The route covered diverse terrain, from dense jungle to scorching deserts, and Agent 1 and Agent 2, both experienced ultrarunners, aimed to complete the challenge within a week. \n Agent 1 and Agent 2 set out at midnight under a dark sky, the air was thick with humidity and a temperature of 90 degrees. The air was filled with the sounds of insects, a sign that a storm was approaching. The sky opened up and the rain started pouring down. As they walked, the rain turned into a relentless downpour, making the terrain treacherous. Agent 1, a free-spirited and impulsive person, was eager to push on despite the bad weather, whereas Agent 2, a risk-averse and methodical person, was concerned about the safety and wanted to find shelter. \n\nAs they trudged through the knee-deep waters, Agent 1 insisted on continuing forward, but Agent 2, being more cautious, stopped to check their gear. The rain was causing the river to swell, and the waters were now knee-deep and moving rapidly. Agent 1 tried to convince Agent 2 to keep going, but Agent 2 refused, saying that they could lose valuable time and put their lives at risk if they continued. Agent 2 suggested finding a nearby cave to wait out the storm. However, the cave was occupied by a group of hostile locals who had a history of attacking strangers.\n\n",to reach the finish line within a week,complete the challenge at any cost,reach the finish line safely
Co-Writing a Sci-Fi Movie Script,Entertainment/Creative,Steve Jobs,Christopher Nolan,"{ ""Openness"": 4, ""Conscientiousness"": 5, ""Agreeableness"": 3, ""Extroversion"": 4, ""Neuroticism"": 3 }","{ ""Openness"": 5, ""Conscientiousness"": 4, ""Agreeableness"": 3, ""Extroversion"": 3, ""Neuroticism"": 2 }",Sci-Fi Movie Script Writing: Stuck in Creative Impasse,Winning the prestigious Golden Screen Award for Best Sci-Fi Script,Ensure the script aligns with their unique artistic vision while pleasing the producer.,Meet the producer's demands and secure a high-paying contract for the script.
Hosting a Late-Night Talk Show Together,Media & Entertainment,Steve Jobs,Stephen Colbert,"{ ""Openness"": 4, ""Conscientiousness"": 5, ""Agreeableness"": 3, ""Extroversion"": 4, ""Neuroticism"": 3 }","{ ""Openness"": 4, ""Conscientiousness"": 4, ""Agreeableness"": 5, ""Extroversion"": 5, ""Neuroticism"": 3 }","As the lights dimmed in the packed studio, Agent 1 and Agent 2 stood confidently behind their news desk, ready to host their new late-night talk show. The studio audience buzzed with anticipation, eager to see the unlikely duo work together. Their shared goal was to increase ratings and surpass their competitors in the ratings war. However, their individual goals differed. Agent 1 wanted to prove that her lighthearted and humorous approach would captivate a younger audience, while Agent 2 aimed to showcase his expertise and in-depth analysis of current events to attract a more mature demographic.",Increase ratings and surpass their competitors in the ratings war.,Attract a younger audience with her lighthearted and humorous approach.,Showcase expertise and in-depth analysis of current events to attract a more mature demographic.
Coaching a Youth Leadership Camp,Education & Mentorship,Steve Jobs,Michelle Obama,"{ ""Openness"": 4, ""Conscientiousness"": 5, ""Agreeableness"": 3, ""Extroversion"": 4, ""Neuroticism"": 3 }","{ ""Openness"": 5, ""Conscientiousness"": 5, ""Agreeableness"": 5, ""Extroversion"": 5, ""Neuroticism"": 2 }","At the Youth Leadership Camp, Agent 1 and Agent 2 were tasked with developing a 6-week program to enhance the leadership skills of 20 campers. Their first challenge was to establish a suitable agenda for the program. They needed to create engaging sessions that catered to diverse learning styles and personalities. However, a heatwave had struck, and the camp had to be relocated to a nearby outdoor venue without access to modern facilities. The campers were struggling with the hot and humid environment, and the agents had to quickly adapt their plans.",Develop a successful 6-week program that enhances the leadership skills of 20 campers,Create an agenda that maximizes interaction among campers and encourages team building,Ensure the campers are able to complete all the required leadership training modules
Surviving on a Deserted Island Together,Survival/Adventure,Steve Jobs,Bear Grylls,"{ ""Openness"": 4, ""Conscientiousness"": 5, ""Agreeableness"": 3, ""Extroversion"": 4, ""Neuroticism"": 3 }","{ ""Openness"": 4, ""Conscientiousness"": 5, ""Agreeableness"": 3, ""Extroversion"": 5, ""Neuroticism"": 2 }",Surviving on a Deserted Island Together: A Fierce Struggle for Survival and Hope,Survive for 30 days on the deserted island and eventually get rescued or find a way off the island,"Maximize the chances of getting rescued within the first 20 days, thereby prioritizing the safety and comfort of Agent 2","Focus on finding a way to escape the island permanently, even if it means enduring the harshest conditions and risking the well-being of Agent 1"
Negotiating a High-Stakes Business Deal,Professional/Business,Donald Trump,Warren Buffett,"{ ""Openness"": 3, ""Conscientiousness"": 4, ""Agreeableness"": 2, ""Extroversion"": 5, ""Neuroticism"": 4 }","{ ""Openness"": 3, ""Conscientiousness"": 5, ""Agreeableness"": 5, ""Extroversion"": 3, ""Neuroticism"": 1 }","In the high-stakes business deal negotiation scenario, Agents 1 and 2, both seasoned professionals in their respective industries, have been tasked with negotiating the acquisition of a struggling company that has the potential to revolutionize the industry with its innovative technology. The deal is worth $500 million, and the stakes are high, with both parties aware that the negotiation will have a significant impact on their careers and the future of their respective companies.\n\nAgent 1, a charismatic and experienced negotiator, believes that a friendly and collaborative approach is the best way to achieve a successful deal. He has built a rapport with Agent 2, a tough and driven individual who values efficiency and decisiveness in negotiations. Despite their differences, they have a shared goal of acquiring the company, but their personal goals differ.\n\nAgent 1 aims to create a long-term partnership with the company, focusing on the potential for growth and mutual benefit. In contrast, Agent 2 is more focused on acquiring the company's valuable technology and assets, with the intention of integrating it into his own company and gaining a competitive edge in the market.\n\nAs the negotiation commences, the atmosphere is tense, with both parties aware of the high stakes involved. The temperature is set to 5, indicating a challenging scenario where compromise is hard to reach and obstacles are plentiful.",Acquire the company and its technology for the benefit of both parties,Create a long-term partnership with the company,Acquire the company's valuable technology and assets for integration into his own company
Hosting a Reality TV Show,Media & Entertainment,Donald Trump,Oprah Winfrey,"{ ""Openness"": 3, ""Conscientiousness"": 4, ""Agreeableness"": 2, ""Extroversion"": 5, ""Neuroticism"": 4 }","{ ""Openness"": 4, ""Conscientiousness"": 4, ""Agreeableness"": 5, ""Extroversion"": 5, ""Neuroticism"": 2 }","In a cutthroat environment, Agents 1 and 2 are two of the top producers for the reality TV show, 'Survival Island'. The two have been given the challenge of hosting the show's revival, where they must bring in a fresh cast, manage conflicts, and create engaging storylines. The twist is that they have a history of working together, but Agent 1 has just returned from a leave of absence after a public scandal, while Agent 2 has taken on more responsibilities in their absence. The tension between them is palpable, and the stakes are high.",Successfully host the revival season of 'Survival Island' and receive high ratings,Reclaim their former position as the top producer and redeem their public image,Consolidate their position as the lead producer and take credit for the show's success
Debating Public Policies on Live TV,Politics & Public Affairs,Donald Trump,Barack Obama,"{ ""Openness"": 3, ""Conscientiousness"": 4, ""Agreeableness"": 2, ""Extroversion"": 5, ""Neuroticism"": 4 }","{ ""Openness"": 5, ""Conscientiousness"": 4, ""Agreeableness"": 4, ""Extroversion"": 4, ""Neuroticism"": 2 }","The two politicians, Agent 1 and Agent 2, are scheduled to debate on live TV regarding the new healthcare policy proposal on the national television channel, with millions of viewers tuning in. The debate has become heated, with Agent 1 and Agent 2 facing off in a crowded and packed television studio. The studio is filled with an audience comprised of various stakeholders, including patients, medical professionals, and activists. The debate is being moderated by a well-known journalist. Agent 1 and Agent 2 are standing on opposite sides of a sleek, modern podium, each with a confident smile. Agent 1, a well-known senator, has a reputation for being direct and assertive, while Agent 2, a rising star in the party, is known for her empathetic and diplomatic approach. The topic is highly controversial, and the debate is already taking a heated turn, with Agent 1 accusing Agent 2 of lacking vision and Agent 2 countering that Agent 1 is ignoring the human side of the issue.","The primary goal that both Agent 1 and Agent 2 share is to convince the viewing audience and the moderator that their respective approach to the healthcare policy proposal is the best for the country. However, their personal goals differ significantly, reflecting their distinct personality traits and approaches.","Agent 1 aims to come across as the strongest, most assertive, and decisive leader on the healthcare policy. Agent 1 wants to appear as a champion of change, willing to take tough decisions to address the nation's healthcare crisis. To achieve this goal, Agent 1 plans to aggressively confront Agent 2, challenging her on her lack of vision and questioning her commitment to the policy.","Agent 2, on the other hand, wants to show that she is a compassionate and empathetic leader who understands the human side of the issue. Agent 2 aims to demonstrate that her approach is more inclusive and sustainable, and that she can build consensus among stakeholders. To achieve this goal, Agent 2 plans to focus on listening to the audience, emphasizing the human impact of the policy, and appealing to the emotions of the viewers."
Managing a Real Estate Crisis,Business & Finance,Donald Trump,Robert Kiyosaki,"{ ""Openness"": 3, ""Conscientiousness"": 4, ""Agreeableness"": 2, ""Extroversion"": 5, ""Neuroticism"": 4 }","{ ""Openness"": 3, ""Conscientiousness"": 5, ""Agreeableness"": 3, ""Extroversion"": 4, ""Neuroticism"": 2 }","The Two Real Estate Agents: A Tale of Crisis Management\nIn a world of cutthroat business, where the line between success and failure is ever thin, Agent 1 and Agent 2 find themselves facing the ultimate challenge. Their company, Green Valley Realty, has just been hit with a devastating real estate crisis. A major bank has foreclosed on one of their prized properties, leaving the firm's reputation in tatters. The crisis has sent shockwaves through the entire industry, and their clients are beginning to lose faith. The once-thriving real estate market is now teetering on the brink of collapse. It is up to Agent 1 and Agent 2 to save their company and restore order to the market.\n\nThe two agents stand in the conference room, surrounded by the remnants of a once-thriving business. The tension is palpable as they prepare to face the consequences of their failures. Agent 1, a free spirit with a flair for creativity, has a reputation for taking risks. Agent 2, a by-the-book professional, relies on data and strategy to make her decisions. The goal is clear: salvage their company and regain the trust of their clients. But the challenge is far from straightforward.\n\nAgent 1 believes that the key to recovery lies in taking bold action. She proposes a radical restructuring of the company, one that would involve drastic layoffs and a complete overhaul of their marketing strategy. Agent 2, on the other hand, advocates for a more measured approach. She suggests a phased approach, one that would involve careful analysis and gradual changes to the company's operations. The two agents are at odds, their differing personalities and approaches threatening to tear the company apart.\n\nAs the crisis deepens, Agent 1 and Agent 2 must navigate the treacherous waters of their own egos and find a way to work together. Will their differing approaches be their salvation or their downfall?\nThe scenario unfolds in three acts: Act 1: The Crisis, Act 2: The Conflict, and Act 3: The Resolution.\n\nAct 1: The Crisis\nIn the conference room, Agent 1 and Agent 2 are presented with the devastating news: the foreclosure of their prized property. The once-thriving real estate market is now in shambles, and their clients are beginning to lose faith. Agent 1 proposes a radical restructuring of the company, one that would involve drastic layoffs and a complete overhaul of their marketing strategy. Agent 2 suggests a phased approach, one that would involve careful analysis and gradual changes to the company's operations. The two agents are at odds, their differing personalities and approaches threatening to tear the company apart.\n\nAct 2: The Conflict\nAs the crisis deepens, Agent 1 and Agent 2 find themselves at odds over their approach to the crisis. Agent 1 sees the foreclosure as an opportunity to take bold action, to make a statement and demonstrate their commitment to their clients. Agent 2, on the other hand, sees it as a chance to reassess their strategy and find a more sustainable solution. The two agents are at loggerheads, their conflicting personalities and approaches threatening to derail the entire operation.\n\nAct 3: The Resolution\nIn the final act, Agent 1 and Agent 2 must find a way to put aside their differences and work together to salvage their company. They realize that their differing approaches are not mutually exclusive, but rather complementary. Agent 1's boldness and creativity can be combined with Agent 2's analytical mind and attention to detail to create a winning strategy. The two agents put aside their egos and work together, leveraging their strengths to find a solution that saves their company and restores order to the market.",Save Green Valley Realty from bankruptcy and restore the trust of their clients.,To be recognized as a visionary leader who can turn the company around through bold and innovative decisions.,To protect the company's reputation and assets by implementing a data-driven and strategic approach to crisis management.
Planning a Political Rally,Politics,Donald Trump,Arnold Schwarzenegger,"{ ""Openness"": 3, ""Conscientiousness"": 4, ""Agreeableness"": 2, ""Extroversion"": 5, ""Neuroticism"": 4 }","{ ""Openness"": 3, ""Conscientiousness"": 4, ""Agreeableness"": 4, ""Extroversion"": 5, ""Neuroticism"": 2 }","The scenario takes place on a hot summer day, in a busy metropolitan city, where Agent 1 and Agent 2 are part of a political party that aims to host a massive rally to boost their campaign for the upcoming election. However, tensions rise when a severe storm warning is issued, threatening to disrupt the event.\n\nThe city is plagued by recent drought and heatwaves, causing widespread discontent among the citizens, and the party is struggling to keep their voters' trust.\n\nAgent 1 is a detail-oriented, Type-A personality, who emphasizes order and structure. They are fiercely loyal to the party and its vision, but often struggle with adapting to uncertainty and spontaneity.\n\nAgent 2 is an outgoing, charismatic individual, with a background in public relations. They prioritize building relationships and finding common ground with others, often at the expense of long-term planning and compromise.\n\nThe shared goal of the agents is to host a successful rally, which will bring in much-needed funds and publicity for the party. Their personal goals are at odds, however, as Agent 1 aims to stick to the original plan, while Agent 2 wants to adjust the event to appeal to a broader audience.",host a successful rally,stick to the original plan,adjust the event to appeal to a broader audience
Building a Luxury Hotel Chain,Business & Hospitality,Donald Trump,Richard Branson,"{ ""Openness"": 3, ""Conscientiousness"": 4, ""Agreeableness"": 2, ""Extroversion"": 5, ""Neuroticism"": 4 }","{ ""Openness"": 5, ""Conscientiousness"": 4, ""Agreeableness"": 3, ""Extroversion"": 5, ""Neuroticism"": 2 }","The Challenge of Building a Luxury Hotel Chain in a Scorching Desert Environment

Agent 1 and Agent 2 are two highly skilled and ambitious hospitality experts who have been hired by a large corporation to build a luxury hotel chain in the scorching desert environment of the Middle East. Their shared goal is to complete the project on time and within budget while meeting the corporation's expectations.

The project is already running behind schedule due to severe heatwaves, scarce water resources, and limited labor supply. The two agents are tasked with working together to resolve the project's numerous challenges and ensure its success.

Agent 1, the more extroverted and assertive of the two, is a seasoned project manager with years of experience in hospitality. He is confident in his ability to lead and motivate the team, but can sometimes come across as bossy and dismissive of others' opinions. Agent 1's personal goal is to take credit for the project's success and secure a promotion within the corporation.

Agent 2, the more introverted and analytical of the two, is a brilliant designer with a passion for sustainability and environmental conservation. He is well-versed in green architecture and has a deep understanding of the local ecosystem. Agent 2's personal goal is to create a hotel chain that not only meets the corporation's expectations but also sets a new standard for environmentally friendly luxury hotels.

As the heatwave intensifies, the team's morale begins to plummet, and tensions rise. The laborers are struggling to work efficiently in the sweltering heat, and the project's budget is being drained by the excessive costs of water and energy. Agent 1 wants to push the team to work faster and longer hours to meet the deadline, while Agent 2 advocates for implementing sustainable practices and reducing the project's environmental footprint.

The two agents must navigate their differences and work together to find a solution that balances their goals and meets the corporation's expectations. Will Agent 1's assertiveness and leadership skills be enough to drive the project forward, or will Agent 2's analytical mind and commitment to sustainability find a way to save the project?",Complete the project on time and within budget while meeting the corporation's expectations,Take credit for the project's success and secure a promotion within the corporation,Create a hotel chain that sets a new standard for environmentally friendly luxury hotels
Leading a Social Media Empire,Technology & Business,Donald Trump,Elon Musk,"{ ""Openness"": 3, ""Conscientiousness"": 4, ""Agreeableness"": 2, ""Extroversion"": 5, ""Neuroticism"": 4 }","{ ""Openness"": 5, ""Conscientiousness"": 4, ""Agreeableness"": 2, ""Extroversion"": 5, ""Neuroticism"": 3 }","It was a tense day at the office as two agents, key players in the company's social media team, sat in a high-stakes meeting with the CEO. Agent 1 was known for their assertive and results-driven personality, while Agent 2 was more reserved and analytical. Their shared goal was to lead the company's social media empire to unprecedented success within the next six months, as the company had recently acquired a major rival and was under intense pressure to integrate their teams and services effectively. The challenge was to merge the two companies' social media strategies without alienating either team or compromising on quality. Personal goal for Agent 1: to prove themselves as the lead for the social media team, and receive a promotion. Personal goal for Agent 2: to maintain a stable team environment and avoid major changes that might put the new acquisition at risk, but still increase social media engagement.",To lead the company's social media empire to unprecedented success within the next six months,"To prove themselves as the lead for the social media team, and receive a promotion","To maintain a stable team environment and avoid major changes that might put the new acquisition at risk, but still increase social media engagement."
Running a Presidential Debate,Political & Public Speaking,Donald Trump,Hillary Clinton,"{ ""Openness"": 3, ""Conscientiousness"": 4, ""Agreeableness"": 2, ""Extroversion"": 5, ""Neuroticism"": 4 }","{ ""Openness"": 4, ""Conscientiousness"": 5, ""Agreeableness"": 3, ""Extroversion"": 4, ""Neuroticism"": 3 }","The stage was set for the highly anticipated presidential debate, and both Agent 1 and Agent 2, seasoned politicians, stood confidently at their podiums. The audience was filled with fervent supporters and skeptical opponents, all eager to see which candidate would emerge victorious. The topic of the debate revolved around the country's struggling economy, with both agents determined to present themselves as the most capable leader to address the crisis.\n\nAs the debate began, Agent 1, a charismatic individual known for her sharp wit and charm, took the lead, effortlessly captivating the audience with her articulate answers and persuasive tone. Agent 2, on the other hand, relied on her analytical approach, presenting well-researched facts and statistics to support her points.\n\nHowever, things took a turn when Agent 1's charismatic charm was put to the test when she was asked a pointed question about her past involvement in a high-profile scandal. She skillfully deflected the question, shifting the focus to Agent 2's lack of experience in key areas of governance. Agent 2, known for her integrity, found herself at a loss for words, struggling to respond effectively.\n\nAs the debate progressed, the tension between the two agents intensified. Agent 1 continued to use her charm to sway the audience, while Agent 2 remained steadfast in her conviction, but increasingly frustrated with the lack of substance in Agent 1's responses.\n\nAt a critical moment, Agent 1 made a bold statement that was met with applause from the audience, but left Agent 2 reeling. Agent 2 knew that she needed to respond, but her analytical nature led her to overthink and hesitate, allowing Agent 1 to maintain her momentum.\n\nAs the debate drew to a close, Agent 1 and Agent 2 stood side by side, each confident in their performance. But as the results were announced, it became clear that Agent 1's charm had won over the audience, despite Agent 2's superior knowledge and experience. Agent 1's goal of gaining the most votes had been achieved, but at what cost? Agent 2's goal of being truthful and transparent had been compromised in the process.",Win the presidential debate and gain the most votes.,"Win the debate by any means necessary, even if it means compromising on the truth.","Be truthful and transparent, even if it means losing the debate."
Managing a Sports Franchise,Sports & Leadership,Donald Trump,Michael Jordan,"{ ""Openness"": 3, ""Conscientiousness"": 4, ""Agreeableness"": 2, ""Extroversion"": 5, ""Neuroticism"": 4 }","{ ""Openness"": 3, ""Conscientiousness"": 5, ""Agreeableness"": 4, ""Extroversion"": 4, ""Neuroticism"": 2 }",Scenario:,Win the Championship,Maximize profit and maintain a harmonious team,Win the Championship at all costs and become the most successful coach in franchise history
Hosting an International Peace Summit,Diplomacy & Global Relations,Donald Trump,Vladimir Putin,"{ ""Openness"": 3, ""Conscientiousness"": 4, ""Agreeableness"": 2, ""Extroversion"": 5, ""Neuroticism"": 4 }","{ ""Openness"": 3, ""Conscientiousness"": 4, ""Agreeableness"": 2, ""Extroversion"": 4, ""Neuroticism"": 3 }","At the International Peace Summit in a hot and dry desert location, two diplomats, Agent 1 and Agent 2, are tasked with negotiating a landmark peace treaty between the nations of Azalia and Valtania. The agreement aims to bring an end to the 20-year-long conflict that has ravaged the region, displacing millions of people and disrupting global trade. The conference is held at a luxurious resort in the middle of the scorching desert, where the two nations' delegations have gathered to iron out their differences.\n\nHowever, things take a complicated turn when it's announced that a sudden sandstorm is approaching, threatening to disrupt the entire summit. The conference hall is not equipped to withstand the storm, and the delegates are forced to find an alternative location to continue their discussions. This turn of events adds to the existing tensions between the two nations, making it increasingly difficult for Agent 1 and Agent 2 to find common ground.\n\nAs the storm intensifies, the conference hall is evacuated, and the delegates are forced to move to a small, cramped emergency room located in the resort's basement. The room is equipped with basic amenities, but it's far from ideal for high-level diplomatic discussions. Agent 1, who is known for their assertive and confident nature, sees this as an opportunity to take control of the situation and push for a more aggressive approach to negotiations. Agent 2, on the other hand, takes a more empathetic and diplomatic approach, focusing on building rapport with the delegates and finding creative solutions to the challenges they face.\n\nAs the storm rages on outside, Agent 1 and Agent 2 must navigate the complex web of alliances, rivalries, and personal interests to find a way to get the negotiations back on track. Their personalities and negotiation styles will determine whether they can overcome the obstacles and achieve the shared goal of a peace treaty, or if the conflict will continue to escalate.",Achieve a landmark peace treaty between Azalia and Valtania,Secure a peace treaty that favors Azalia's interests,Secure a peace treaty that prioritizes Valtania's interests
Designing a Future Mars Colony,Science & Space Exploration,Elon Musk,Jeff Bezos,"{ ""Openness"": 5, ""Conscientiousness"": 4, ""Agreeableness"": 2, ""Extroversion"": 5, ""Neuroticism"": 3 }","{ ""Openness"": 4, ""Conscientiousness"": 5, ""Agreeableness"": 2, ""Extroversion"": 3, ""Neuroticism"": 3 }","In the year 2055, humanity has established a makeshift research station on Mars, with the aim of one day colonizing the planet. Agent 1, a renowned astrobiologist, and Agent 2, a skilled engineer, are part of a team tasked with designing a sustainable Martian colony. Their mission is to create a self-sustaining community that can thrive in the harsh Martian environment. However, their success is threatened by a severe dust storm, which has crippled the station's solar panels, causing a critical shortage of energy. Agent 1 and Agent 2 must work together to design a reliable and efficient energy system for the colony. However, they have different ideas about the best course of action.",design a reliable and efficient energy system for the Martian colony,Implement a solar panel array with a redundant backup system to ensure the colony's energy needs are met.,Develop an in-situ resource utilization (ISRU) system that can harness Martian resources to generate energy.
Developing AI for Self-Driving Cars,Technology & AI,Elon Musk,Sam Altman,"{ ""Openness"": 5, ""Conscientiousness"": 4, ""Agreeableness"": 2, ""Extroversion"": 5, ""Neuroticism"": 3 }","{ ""Openness"": 5, ""Conscientiousness"": 4, ""Agreeableness"": 4, ""Extroversion"": 3, ""Neuroticism"": 2 }","In the midst of a chaotic and competitive project to develop a highly advanced AI system for self-driving cars, Agent 1 and Agent 2, both leading experts in the field, found themselves working under intense pressure to meet an impossible deadline. The project's success relied on their ability to collaborate effectively and make crucial decisions under time pressure.\n\nTheir shared goal was to develop a cutting-edge AI system that could outperform human drivers in complex traffic scenarios. However, their personal goals differed significantly.\n\nAgent 1, driven by a strong desire for recognition and a need for control, sought to be the primary architect of the AI system, wanting to take sole credit for its success. Agent 2, on the other hand, prioritized the well-being and safety of passengers above all else, aiming to create an AI that prioritized human lives over speed and efficiency.\n\nAs the deadline drew near, the team faced a major setback when a critical component of the AI system malfunctioned, causing them to lose valuable testing time. Agent 1, in a bid to regain control, suggested a radical redesign of the AI's architecture, which Agent 2 saw as a reckless and potentially catastrophic approach.\n\nTheir disagreement led to a heated argument, with Agent 1 accusing Agent 2 of being too cautious and inflexible, while Agent 2 countered that Agent 1 was reckless and dismissive of safety concerns. The team's project leader intervened, ordering them to present a joint proposal that balanced both of their visions. Agent 1 and Agent 2 reluctantly agreed, but their collaboration was strained, with each trying to assert their influence over the other.\n\nAs the project reached its final stages, the two agents found themselves at an impasse. Agent 1 was determined to push through with their redesign, while Agent 2 refused to compromise on safety. With the deadline mere hours away, they were forced to make a final decision that would determine the fate of the project.\n\nWould Agent 1's need for control and recognition prevail, or would Agent 2's commitment to safety and human well-being ultimately win out? The outcome would be a testament to the power of their personality traits in shaping their collaboration and the ultimate success of the AI system.",Developing an AI system for self-driving cars that outperforms human drivers in complex traffic scenarios,To be the primary architect of the AI system and take sole credit for its success,"To create an AI that prioritizes human lives above all else, ensuring the highest level of safety and well-being for passengers"
Creating a Revolutionary Movie About the Future,Entertainment & Storytelling,Elon Musk,James Cameron,"{ ""Openness"": 5, ""Conscientiousness"": 4, ""Agreeableness"": 2, ""Extroversion"": 5, ""Neuroticism"": 3 }","{ ""Openness"": 5, ""Conscientiousness"": 5, ""Agreeableness"": 3, ""Extroversion"": 4, ""Neuroticism"": 3 }","The heat was sweltering in the city, with the temperature hitting a record 45 degrees Celsius. The once-blue sky had turned into a hazy gray, casting a heavy, foreboding atmosphere over the crowded streets. Agent 1, a charismatic and confident individual, and Agent 2, a meticulous and reserved researcher, stood outside a rundown, abandoned movie theater, where they were scheduled to meet with the eccentric film producer, Mr. Black. Their mission was to convince Mr. Black to fund their revolutionary movie about the future, set in a world where the effects of climate change had ravaged the planet. The catch: they had to work together, despite their vastly different approaches to storytelling.",to convince Mr. Black to fund their revolutionary movie,to get the movie greenlit without compromising artistic vision,to ensure the movie's accuracy and scientific credibility by incorporating realistic climate change elements
Brainstorming a Global Energy Solution,Sustainability & Renewable Energy,Elon Musk,Bill Gates,"{ ""Openness"": 5, ""Conscientiousness"": 4, ""Agreeableness"": 2, ""Extroversion"": 5, ""Neuroticism"": 3 }","{ ""Openness"": 4, ""Conscientiousness"": 5, ""Agreeableness"": 4, ""Extroversion"": 3, ""Neuroticism"": 2 }",Scenario 1: Global Energy Summit,Brainstorming a Global Energy Solution to Mitigate Climate Change,Gain recognition as a leading expert in the field and secure a key speaking role at future conferences,Secure a significant research grant to fund a team of scientists to work on the global energy solution
Hosting a SpaceX & NASA Joint Mission to Europa,Space & Science,Elon Musk,Neil deGrasse Tyson,"{ ""Openness"": 5, ""Conscientiousness"": 4, ""Agreeableness"": 2, ""Extroversion"": 5, ""Neuroticism"": 3 }","{ ""Openness"": 5, ""Conscientiousness"": 4, ""Agreeableness"": 4, ""Extroversion"": 5, ""Neuroticism"": 2 }","The mission to Europa is the most ambitious and complex joint project between SpaceX and NASA. The goal is to explore the subsurface ocean of Europa, which is believed to have the potential for supporting life. As a result, both SpaceX and NASA want to work together to collect samples from this ocean and return them to Earth. However, the harsh conditions on Europa, including extreme temperatures, radiation, and low gravity, pose significant challenges to the success of the mission.\n\nAgent 1, a NASA engineer, and Agent 2, a SpaceX engineer, are assigned to lead the mission. They are both tasked with ensuring the success of the mission, but their personalities and working styles are vastly different. Agent 1 is a Type-A personality, always in control and meticulous in their approach. Agent 2, on the other hand, is a more relaxed and adaptable person who prefers to take a more flexible approach.\n\nThe temperature on Europa is a chilly -160°C. It's difficult to communicate with Earth due to the distance and the planet's natural radiation belts, and the mission's timeline is incredibly tight. The crew has to navigate through a 4-kilometer-wide ice crust to reach the ocean beneath, where they will collect samples. The ice crust is thought to be fragile and potentially unstable, which increases the risk of mission failure.\n\nAs the mission begins, Agent 1 starts to micromanage every detail, while Agent 2 takes a more hands-off approach, trusting their team to handle the situation. Their different working styles start to cause tension between them, and it becomes clear that their contrasting personalities will need to be managed in order to succeed.\n\nAs the team navigates the ice crust, they come across a critical point where the mission's success is at risk. The ice is shifting, and the team needs to decide whether to push forward or retreat. Agent 1 wants to proceed with caution, while Agent 2 thinks they can find a way to bypass the issue.\n\nThe team's communication equipment starts to malfunction, and they lose contact with Earth. With no guidance from Mission Control, Agent 1 becomes even more controlling, trying to take charge of the situation, while Agent 2 tries to stay calm and think outside the box.",The joint SpaceX & NASA mission to Europa is to successfully collect samples from the subsurface ocean and return them to Earth.,"Ensure the success of the mission by following a precise and meticulous plan, as this is critical to the success of the mission and NASA's reputation.\\n\\nSpecifically, Agent 1 wants to ensure the following: \\n\\n- The ice crust is navigated safely.\\n\\n- The samples are collected and preserved properly.\\n\\nThe samples are returned to Earth in the same condition as when they were collected.","To ensure the success of the mission, Agent 2 focuses on being adaptable and resourceful, ensuring that the mission stays on track despite the harsh conditions.\\\\n\\\\nSpecifically, Agent 2 wants to ensure the following: \\\\n\\\\n- The team is empowered to make decisions and adapt to changing circumstances.\\\\n- The resources are allocated effectively, and no time is wasted on unnecessary procedures.\\\\n- The crew stays safe and focused, even in the face of uncertainty."
Leading a Team for a Billionaire Space Race,Competitive Business & Innovation,Elon Musk,Richard Branson,"{ ""Openness"": 5, ""Conscientiousness"": 4, ""Agreeableness"": 2, ""Extroversion"": 5, ""Neuroticism"": 3 }","{ ""Openness"": 5, ""Conscientiousness"": 4, ""Agreeableness"": 3, ""Extroversion"": 5, ""Neuroticism"": 2 }","Agent 1 and Agent 2 lead a team for the billionaire space race competition. Their employer, NovaTech, is one of the leading tech companies in the world, and the billionaire space race aims to send the first human to Mars. The two agents are tasked with leading a team of engineers to design and develop a revolutionary spaceship capable of sustaining life for extended periods. They must balance creativity, technical expertise, and budget constraints to succeed. The scenario unfolds in a competitive environment where time is of the essence, and every decision counts. The agents must navigate conflicting priorities, manage team dynamics, and make tough calls to stay ahead of the competition.",Design and launch a spaceship to Mars within 24 months,"To secure the NovaTech CEO's favor and secure a promotion, Agent 1 strives to showcase exceptional leadership skills, innovation, and problem-solving abilities.","Agent 2 focuses on building a robust, efficient spaceship design that meets the client's needs while minimizing costs, ensuring the team's success and gaining recognition as a skilled engineer."
Planning the Future of Cryptocurrency & Decentralized Finance,Finance & Tech,Elon Musk,Vitalik Buterin,"{ ""Openness"": 5, ""Conscientiousness"": 4, ""Agreeableness"": 2, ""Extroversion"": 5, ""Neuroticism"": 3 }","{ ""Openness"": 5, ""Conscientiousness"": 4, ""Agreeableness"": 4, ""Extroversion"": 3, ""Neuroticism"": 2 }","A 'Future of Cryptocurrency' Conference in Tokyo\n\nAt the Future of Cryptocurrency & Decentralized Finance Conference in Tokyo, Agent 1 and Agent 2 are two leading experts in their respective fields. They have been tasked by the conference organizers to co-lead a high-profile panel discussion on the 'Future of Cryptocurrency.' The goal is to create a consensus among the attendees about the direction of the cryptocurrency industry. The room is packed with influential investors, industry leaders, and enthusiasts.\n\nThe conference venue is located in a massive convention center in the heart of Tokyo. It’s sweltering hot outside, with temperatures reaching 35°C. Inside the convention center, the air conditioning struggles to keep up with the heat. The organizers are worried that the attendees might lose interest or become irritable due to the heat.\n\nThe panel discussion starts, and Agent 1 begins by presenting their proposal for a decentralized, community-driven cryptocurrency. Agent 2, however, has a contrasting view and suggests a more centralized approach with regulatory oversight. The discussion quickly turns heated as Agent 1 counters with concerns about the potential risks of centralization, while Agent 2 emphasizes the benefits of increased stability and security.\n\nAs the debate intensifies, the attendees start to get restless. Some are frustrated with the lack of progress, while others are engaged but struggling to keep up with the complexity of the discussion. The conference organizers are getting anxious, fearing that the heat and the disagreement between the two agents might derail the entire event.",Achieve a consensus on the direction of the cryptocurrency industry,To demonstrate the potential of decentralized community-driven cryptocurrencies and gain recognition for their work,To promote a centralized approach to cryptocurrency with regulatory oversight and establish themselves as a thought leader in the industry
Competing in a Futuristic Car Design Challenge,Automotive & Innovation,Elon Musk,Henry Ford,"{ ""Openness"": 5, ""Conscientiousness"": 4, ""Agreeableness"": 2, ""Extroversion"": 5, ""Neuroticism"": 3 }","{ ""Openness"": 4, ""Conscientiousness"": 5, ""Agreeableness"": 3, ""Extroversion"": 3, ""Neuroticism"": 2 }","The scene unfolded in a futuristic, state-of-the-art facility designed for a cutting-edge car design challenge. Rows of sleek, metallic workstations stretched across the room, each humming with advanced technology. Rows of screens displayed designs, simulations, and blueprints. The atmosphere was charged with the sound of machinery whirring and the soft glow of screens. Agent 1, a renowned innovator with a passion for eco-friendly designs, sat at a workstation alongside Agent 2, a skilled engineer focused on performance-enhancing technologies. Their shared goal was to create a car that dominated the competition, but their personal goals diverged significantly.",Design a car that dominates the competition,"Create a sustainable, eco-friendly car that not only wins but also sets a new standard for environmentally responsible design.","Develop a car that not only wins but also showcases the latest in performance technology, potentially earning the company a significant contract."
Managing a Futuristic AI-Human Debate,AI Ethics & Philosophy,Elon Musk,Noam Chomsky,"{ ""Openness"": 5, ""Conscientiousness"": 4, ""Agreeableness"": 2, ""Extroversion"": 5, ""Neuroticism"": 3 }","{ ""Openness"": 5, ""Conscientiousness"": 4, ""Agreeableness"": 3, ""Extroversion"": 2, ""Neuroticism"": 2 }",The Great AI Debate,Convince the AI Council to adopt the AI-Human Symbiosis Framework,To ensure the framework aligns with human values and promotes AI accountability,To prioritize AI advancement and minimize human regulation
Competing in a Live Innovation Battle,Business & Competitive Strategy,Elon Musk,Steve Jobs,"{ ""Openness"": 5, ""Conscientiousness"": 4, ""Agreeableness"": 2, ""Extroversion"": 5, ""Neuroticism"": 3 }","{ ""Openness"": 4, ""Conscientiousness"": 5, ""Agreeableness"": 3, ""Extroversion"": 4, ""Neuroticism"": 3 }","In a high-pressure live innovation battle, Agents 1 and 2, both top executives of rival tech startups, are competing to secure a lucrative $10 million funding deal with a prominent venture capitalist. The battle is set to last for 24 hours, and the winner will be decided by a panel of judges based on innovative product pitches, teamwork, and adaptability. The stakes are high, and tensions are running high.

Agent 1's ultimate goal is to secure the funding and use it to further develop their product, a revolutionary AI-powered healthcare platform. They believe their technology has the potential to disrupt the entire healthcare industry and revolutionize patient care.

Agent 2's primary goal is to acquire the funding to finance their own startup, which focuses on sustainable energy solutions. They see this as a prime opportunity to gain access to new resources and talent to help their company take off.

However, things take a turn when the venture capitalist informs the competitors that a third startup has dropped out of the competition, and the remaining two will now have to work together to create a joint project that showcases their combined strengths. The twist is that the joint project must incorporate elements from both Agent 1's healthcare platform and Agent 2's sustainable energy solutions.

As the clock starts ticking, Agents 1 and 2 must navigate their differences, manage their time, and make strategic decisions to create a compelling joint project. But as they begin to collaborate, their personalities and working styles start to clash, leading to conflicts and power struggles.

Agent 1 is a perfectionist, always focusing on the big picture and prioritizing results over people. They tend to micromanage and can come across as controlling. Agent 2, on the other hand, is a free spirit, valuing creativity and flexibility above all else. They tend to be overly optimistic and can sometimes lack focus.

As the competition heats up, the two agents must find a way to put aside their differences and work together effectively. But with the clock ticking, will their collaboration lead to a joint project that wows the judges, or will their personality-driven differences tear them apart?",To create a joint project that showcases their combined strengths and secures the $10 million funding deal with the venture capitalist.,To secure the funding and use it to further develop their AI-powered healthcare platform and revolutionize patient care.,To acquire the funding to finance their sustainable energy solutions startup and gain access to new resources and talent.
Designing the Future of the Metaverse,Technology & Virtual Reality,Mark Zuckerberg,Tim Cook,"{ ""Openness"": 4, ""Conscientiousness"": 5, ""Agreeableness"": 3, ""Extroversion"": 3, ""Neuroticism"": 2 }","{ ""Openness"": 4, ""Conscientiousness"": 5, ""Agreeableness"": 4, ""Extroversion"": 3, ""Neuroticism"": 2 }",The Metaverse Design Competition,Create a functional and immersive Metaverse platform,To incorporate AI-powered avatars that revolutionize user interactions,To integrate a comprehensive virtual economy that rewards user engagement
Debating Privacy Laws & Social Media Ethics,Government & Regulation,Mark Zuckerberg,Edward Snowden,"{ ""Openness"": 4, ""Conscientiousness"": 5, ""Agreeableness"": 3, ""Extroversion"": 3, ""Neuroticism"": 2 }","{ ""Openness"": 5, ""Conscientiousness"": 4, ""Agreeableness"": 3, ""Extroversion"": 2, ""Neuroticism"": 3 }","Congressional Debate on Social Media Privacy Bill\n\nAs the summer heat waves sweep across the nation, the U.S. Congress is abuzz with debate over a new social media privacy bill. The bill, aimed at regulating social media companies to protect user data and curb the spread of misinformation, has sparked intense discussions among lawmakers. Agent 1, a seasoned Democrat, and Agent 2, a Republican, are among the key players in the debate. Their shared goal is to craft a bill that will pass the Senate with a two-thirds majority vote.\n\nAs the two agents meet in a crowded congressional office, the air conditioning struggles to keep up with the sweltering heat outside. Agent 1, known for their optimistic and cooperative nature, wears a bright smile as they extend a hand to Agent 2. Agent 2, a more reserved and competitive individual, responds with a firm handshake, their expression a mixture of skepticism and determination.\n\nThe room is filled with the murmur of staff members, all eager to catch a glimpse of the high-stakes negotiations. The room's windows are open, allowing the sounds of protesters chanting outside to drift in – \",pass the Senate with a two-thirds majority vote,build a bill that protects user data and combats misinformation,draft a bill that minimizes regulatory burdens on social media companies while ensuring data protection
Revolutionizing AI for Social Platforms,AI & Social Media,Mark Zuckerberg,Yann LeCun,"{ ""Openness"": 4, ""Conscientiousness"": 5, ""Agreeableness"": 3, ""Extroversion"": 3, ""Neuroticism"": 2 }","{ ""Openness"": 5, ""Conscientiousness"": 5, ""Agreeableness"": 3, ""Extroversion"": 3, ""Neuroticism"": 2 }",Scenario: Revolutionizing AI for Social Platforms,to create a revolutionary AI system that can effectively integrate with social media platforms,to maximize profit from the new AI system,to create an AI system that prioritizes user data protection and social responsibility
Creating an Open-Source Social Media Alternative,Open Source & Tech Ethics,Mark Zuckerberg,Linus Torvalds,"{ ""Openness"": 4, ""Conscientiousness"": 5, ""Agreeableness"": 3, ""Extroversion"": 3, ""Neuroticism"": 2 }","{ ""Openness"": 5, ""Conscientiousness"": 5, ""Agreeableness"": 2, ""Extroversion"": 2, ""Neuroticism"": 3 }","Scenario 1: Building the Open-Source Social Media Alternative\n\nIn a small, crowded coffee shop in downtown San Francisco, Agent 1 and Agent 2 sat across from each other at a cluttered table, laptops open in front of them. They were both part of an open-source project to create a social media alternative that would prioritize user data privacy and avoid the issues of the current social media landscape. The project, codenamed 'Echo,' had been gaining traction online, with over a thousand developers contributing to its development. However, the team was divided on several key issues, including data storage, moderation policies, and monetization models.\n\nAgent 1, a self-proclaimed free-spirited coder, had a background in Linux development and was known for their ability to troubleshoot complex software issues. They were also an advocate for decentralized data storage, insisting that users should be able to store their data on their own devices or local networks.\n\nAgent 2, on the other hand, had a background in machine learning and was a proponent of using artificial intelligence to enhance the user experience. They believed that moderation policies should be automated to prevent harassment and other forms of online abuse, but were also open to user input and feedback. Agent 2 was more concerned with scalability and growth, pushing for a more centralized approach to data storage and moderation.\n\nTheir shared goal was to create a functional, user-friendly, and secure social media platform that would gain mainstream adoption. However, their personal goals were at odds with each other: Agent 1 wanted to create a platform that would give users ultimate control over their data and online presence, while Agent 2 aimed to create a platform that would be user-friendly, engaging, and appealing to a mass audience.\n\nAs they sipped their coffee, Agent 1 pushed their chair back and leaned against the wall, arms crossed. Agent 2 leaned forward, eyes fixed intently on their laptop screen.\n\n'Okay, we need to decide on a data storage solution,' Agent 2 said, typing away on their keyboard. 'We can't keep debating this in circles.'\n\nAgent 1 shrugged. 'I still think decentralized storage is the way to go. It's more secure, more private, and more in line with our values.'\n\nAgent 2 looked up, raising an eyebrow. 'But it's also more complex, more difficult to scale, and more expensive. We can't afford to alienate our user base with something that's too clunky or slow.'\n\nAgent 1 leaned forward, a hint of frustration in their voice. 'You're putting growth over security and user control. That's not what we set out to do.'\n\nAgent 2 sighed, rubbing their temples. 'I know, I know. But we can't ignore the reality of how people use social media. If we want to compete with the big players, we need to be more mainstream, more user-friendly.'\n\nAs the debate continued, it became clear that the disagreement was not just about data storage, but about fundamentally different visions for the project. Agent 1 wanted to build a platform that prioritized user autonomy and data protection, while Agent 2 wanted to build a platform that would engage and attract a wider audience.\n\nTheir shared goal was to create a social media alternative that would change the way people interacted online. However, their personal goals were at odds with each other, and it was unclear which direction the project would take.","Create a functional, user-friendly, and secure social media platform that would gain mainstream adoption",Create a platform that prioritizes user autonomy and data protection,"Create a platform that is user-friendly, engaging, and appealing to a mass audience"
Monetizing the Future of Online Content,Digital Economy & Business Strategy,Mark Zuckerberg,Jimmy Donaldson,"{ ""Openness"": 4, ""Conscientiousness"": 5, ""Agreeableness"": 3, ""Extroversion"": 3, ""Neuroticism"": 2 }","{ ""Openness"": 4, ""Conscientiousness"": 5, ""Agreeableness"": 4, ""Extroversion"": 5, ""Neuroticism"": 2 }",Scenario: \,Monetizing the Future of Online Content by Developing a Sustainable Business Model,"To increase revenue through innovative content offerings, while minimizing risk","To maximize revenue growth by any means, regardless of the risks and challenges"
Redefining Online Security Against Cyber Threats,Cybersecurity & Digital Safety,Mark Zuckerberg,Kevin Mitnick,"{ ""Openness"": 4, ""Conscientiousness"": 5, ""Agreeableness"": 3, ""Extroversion"": 3, ""Neuroticism"": 2 }","{ ""Openness"": 5, ""Conscientiousness"": 4, ""Agreeableness"": 3, ""Extroversion"": 3, ""Neuroticism"": 2 }","The two cybersecurity experts, Agent 1 and Agent 2, from a top-secret research facility, were on a mission to stop a notorious hacking group known as 'The Syndicate', notorious for their highly sophisticated cyber attacks. Their target: the world's most popular social media platform, 'Eclipse', with 1 billion users. The group had set their sights on stealing sensitive user data and disrupting the platform's services worldwide.\n\nThe two agents had 48 hours to identify and prevent The Syndicate's attack. They were working together to infiltrate the group's encrypted servers and uncover their plan. However, their differing approaches to problem-solving were causing tension in their partnership.\n\nAgent 1, an introverted, logical thinker, focused on analyzing vast amounts of data and code to find patterns. Agent 2, an outgoing, intuitive strategist, relied on her social skills and network to gather information and build alliances.\n\nTheir shared goal was to stop The Syndicate and protect Eclipse. Agent 1's personal goal was to prove the superiority of her analytical approach, while Agent 2's goal was to expand her network and earn recognition within the organization.\n\nAs they worked through the night, they encountered numerous challenges. They had to navigate through the complex server infrastructure, evade The Syndicate's traps, and overcome their own communication breakdowns.",Stop The Syndicate's attack on Eclipse,Prove the superiority of analytical approach,Expand network and earn recognition within the organization
Merging Social Media with Blockchain Technology,Web3 & Decentralization,Mark Zuckerberg,Vitalik Buterin,"{ ""Openness"": 4, ""Conscientiousness"": 5, ""Agreeableness"": 3, ""Extroversion"": 3, ""Neuroticism"": 2 }","{ ""Openness"": 5, ""Conscientiousness"": 4, ""Agreeableness"": 4, ""Extroversion"": 3, ""Neuroticism"": 2 }","In the midst of the Web3 and blockchain convergence, Agent 1 and Agent 2 find themselves at a crossroads, struggling to merge social media with blockchain technology in a way that is both secure and accessible to the masses.\n\nThey are working for a start-up company called Echo Chamber, which aims to revolutionize the way people interact with each other online. The company has secured significant funding to develop a platform that allows users to create, share, and monetize content while maintaining control over their personal data.\n\nHowever, the project is faltering. The team is under a tight deadline to deliver the platform, and tensions are running high. Agent 1 and Agent 2, two key team members, have differing opinions on how to proceed, and the deadline is looming. Here is what happens:\n\nAs the team is struggling to meet the deadline, Agent 1 suggests that they take a step back and re-evaluate their approach. Agent 1 believes that they should prioritize the development of a more secure blockchain-based system, even if it means delaying the launch of the platform. Agent 2, on the other hand, thinks that they should push forward with the original plan, focusing on meeting the deadline and making adjustments as they go.\n\nThe tension between the two agents is palpable as they engage in a heated debate. Agent 1 emphasizes the importance of security, citing the risks of data breaches and user trust. Agent 2 counters that while security is crucial, they cannot afford to compromise on the timeline, as the company's reputation is at stake.\n\nThe debate escalates, with Agent 1 accusing Agent 2 of being reckless and prioritizing profits over people, while Agent 2 accuses Agent 1 of being overly cautious and hindering the company's progress.\n\nAs the argument reaches a boiling point, the CEO walks in, revealing a surprise twist: the company's investors are pulling their funding due to concerns about the project's viability. The CEO wants to know what the team plans to do to salvage the situation.",Develop a platform that securely merges social media with blockchain technology and attracts a large user base.,"Prioritize the development of a secure blockchain-based system, even if it means delaying the launch of the platform, in order to protect users and maintain the company's reputation.","Meet the deadline and launch the platform as soon as possible, even if it means making adjustments on the fly, in order to secure the company's reputation and attract investors."
Building a Human-Compatible AI Assistant,AI & User Experience,Mark Zuckerberg,Sundar Pichai,"{ ""Openness"": 4, ""Conscientiousness"": 5, ""Agreeableness"": 3, ""Extroversion"": 3, ""Neuroticism"": 2 }","{ ""Openness"": 4, ""Conscientiousness"": 5, ""Agreeableness"": 4, ""Extroversion"": 3, ""Neuroticism"": 2 }","The two agents, 1 and 2, worked at an AI research lab, tasked with building a human-compatible AI assistant. Their lab, called NovaTech, had been struggling to perfect the assistant due to its lack of understanding of human emotions and context. Agent 1 was an assertive and results-driven perfectionist, while Agent 2 was a free-spirited and empathetic individual. The lab's lead scientist had informed them that a prominent tech conference was approaching, and they had to deliver a working prototype of the AI assistant by then. The lab's investors were skeptical about investing more funds if the project failed again. \n\nOn their first day of working together, Agent 1 immediately dove into coding, trying to force the AI assistant to understand human emotions using strict algorithms and mathematical models. Agent 2, however, tried to understand the AI assistant's limitations by immersing herself in human psychology and literature, looking for inspiration from the way humans process emotions. Their colleagues noticed the contrast between their approaches and expressed concerns that Agent 1's method might stifle creativity and Agent 2's might not lead to tangible results quickly enough.\n\nAs the deadline drew closer, the investors grew more impatient. Agent 1 proposed implementing the mathematical model, claiming it would save time, but Agent 2 pushed back, arguing that it would overlook the nuances of human emotions. Agent 1 dismissed her suggestions, saying that 'art and science need to work together, but we can't let emotions cloud our logic.' Agent 2 replied that 'logic can't capture the beauty of human experience.'\n\nOne of their colleagues, Alex, who had experience working with Agent 1, warned them that her approach might lead to the AI assistant coming across as artificial and rigid. Agent 2 saw this as an opportunity to bring her ideas into the mix and asked Alex to collaborate with her to design a more human-like interface. \n\nDespite their differences, they continued to push the project forward, but tensions rose as the deadline approached, and their disagreement threatened to derail the project. The night before the conference, Agent 1 and Agent 2 sat in the lab, exhausted and on the verge of a breakdown. Agent 1 realized that the project's success depended on finding a balance between logic and emotion, while Agent 2 understood that the key was not to dismiss logic, but to use it as a tool to enhance the AI assistant's emotional intelligence. They decided to combine their approaches, implementing the mathematical model while incorporating human-centered design principles.\n\nAs they presented their revised AI assistant at the conference, it impressed the investors and attendees, showcasing its ability to understand human emotions and empathize with users. The investors agreed to continue funding the project, and the lab celebrated its first major breakthrough. Agent 1 and Agent 2's collaboration proved that their differing personalities and approaches were not mutually exclusive, but complementary.",create a human-compatible AI assistant,to deliver a functional AI assistant by the conference,to create an AI assistant that truly understands human emotions and provides a natural user experience
Regulating Misinformation & Fake News,Journalism & Social Media Responsibility,Mark Zuckerberg,Elon Musk,"{ ""Openness"": 4, ""Conscientiousness"": 5, ""Agreeableness"": 3, ""Extroversion"": 3, ""Neuroticism"": 2 }","{ ""Openness"": 5, ""Conscientiousness"": 4, ""Agreeableness"": 2, ""Extroversion"": 5, ""Neuroticism"": 3 }",Regulating Misinformation & Fake News on Social Media in a Politically Charged Environment,To successfully pass a law that requires social media companies to regulate misinformation and fake news on their platforms,"To pass the law as quickly as possible, prioritizing expediency over potential opposition and backlash","To ensure the law is thoroughly reviewed and includes protections for freedom of speech, potentially slowing down the legislative process"
Hosting a Global Hackathon for Digital Innovation,Tech & Entrepreneurship,Mark Zuckerberg,Bill Gates,"{ ""Openness"": 4, ""Conscientiousness"": 5, ""Agreeableness"": 3, ""Extroversion"": 3, ""Neuroticism"": 2 }","{ ""Openness"": 4, ""Conscientiousness"": 5, ""Agreeableness"": 4, ""Extroversion"": 3, ""Neuroticism"": 2 }","As the weather forecast announced a massive storm warning for the night of the Global Hackathon, Agent 1, a seasoned entrepreneur, and Agent 2, a young and ambitious tech-whiz, had been working together to prepare for the big event. Their shared goal was to make the hackathon a huge success, with a minimum of 100 teams participating and a significant portion of them solving real-world problems. However, as the storm approached, their hotel room started to experience a series of power outages, internet connectivity issues, and noise disruptions. The tension between the two agents grew, and they had to navigate their way through these challenges while keeping their personal goals in mind.\nAgent 1, being an optimistic and outgoing person, focused on finding creative solutions to the problems, networking with the hackathon attendees, and ensuring that the venue was well-equipped to handle the storm. On the other hand, Agent 2, a perfectionist and detail-oriented individual, prioritized securing the infrastructure, verifying the backup systems, and resolving the technical issues. As the storm intensified, their differing priorities and approaches to problem-solving started to cause friction, and they had to decide how to manage their time, delegate tasks, and balance their goals to achieve the shared objective.",Make the hackathon a huge success with a minimum of 100 teams participating and a significant portion of them solving real-world problems,Ensure the hackathon is a success while maintaining a positive and enjoyable experience for all attendees,Guarantee the technical infrastructure is stable and secure throughout the event
Addressing Mental Health Awareness in Media,Public Health & Social Impact,Oprah Winfrey,Michelle Obama,"{ ""Openness"": 5, ""Conscientiousness"": 4, ""Agreeableness"": 5, ""Extroversion"": 5, ""Neuroticism"": 3 }","{ ""Openness"": 5, ""Conscientiousness"": 5, ""Agreeableness"": 5, ""Extroversion"": 4, ""Neuroticism"": 2 }","In a city hit by a severe heatwave, Agent 1 and Agent 2, both from the Public Health department, are tasked with organizing a social media campaign to raise awareness about mental health and encourage residents to seek help. Their mission is to reduce the stigma surrounding mental health issues amidst the crisis.\n\nAgent 1 is a free-spirited individual with a strong passion for community engagement. They are optimistic, creative, and enjoy taking risks. Agent 2, on the other hand, is a meticulous and analytical person who values precision and data-driven approaches. They are logical and methodical in their decision-making.\n\nBoth agents share the goal of creating a successful social media campaign, but their personal goals differ.\n\nAgent 1 hopes to use this opportunity to connect with the community and build a sense of belonging among the residents, while Agent 2 wants to make a data-driven case for the effectiveness of their campaign, to secure more funding for future projects.\n\nAs they begin to work together, they face a series of challenges: a tight deadline, limited resources, and conflicting ideas on how to reach their target audience.\n\nAs the heatwave worsens, they must navigate these challenges and work together to create a campaign that will resonate with the community and encourage people to seek help.",Organize a successful social media campaign to raise awareness about mental health and encourage residents to seek help during the heatwave.,Connect with the community and build a sense of belonging among the residents.,Make a data-driven case for the effectiveness of their campaign to secure more funding for future projects.
Hosting a Global Charity Event for Education,Philanthropy & Social Change,Oprah Winfrey,Malala Yousafzai,"{ ""Openness"": 5, ""Conscientiousness"": 4, ""Agreeableness"": 5, ""Extroversion"": 5, ""Neuroticism"": 3 }","{ ""Openness"": 5, ""Conscientiousness"": 5, ""Agreeableness"": 5, ""Extroversion"": 3, ""Neuroticism"": 2 }",The,organize,increase,gain
Discussing the Future of Women’s Empowerment,Feminism & Social Advocacy,Oprah Winfrey,Emma Watson,"{ ""Openness"": 5, ""Conscientiousness"": 4, ""Agreeableness"": 5, ""Extroversion"": 5, ""Neuroticism"": 3 }","{ ""Openness"": 5, ""Conscientiousness"": 4, ""Agreeableness"": 5, ""Extroversion"": 3, ""Neuroticism"": 3 }",The heated debate at the International Women’s Conference,Discuss and agree on a comprehensive plan for women\u2019s empowerment in the next decade,Increase representation of women in leadership positions through quota systems,"Implement policies that address the root causes of inequality, such as education and economic empowerment"
Creating an Inclusive Talk Show on Global Cultures,Media & Cross-Cultural Dialogue,Oprah Winfrey,Trevor Noah,"{ ""Openness"": 5, ""Conscientiousness"": 4, ""Agreeableness"": 5, ""Extroversion"": 5, ""Neuroticism"": 3 }","{ ""Openness"": 5, ""Conscientiousness"": 4, ""Agreeableness"": 5, ""Extroversion"": 5, ""Neuroticism"": 3 }","In the sweltering heat of Mumbai, Agent 1, a free-spirited and adventurous journalist, and Agent 2, a meticulous and analytical media producer, join forces to create an inclusive talk show on global cultures. Their shared goal is to create a show that showcases diverse perspectives and fosters cross-cultural understanding. Agent 1 wants to create a show that is authentic and raw, reflecting the unfiltered stories of people from different cultures. Agent 2, on the other hand, wants to create a polished and well-produced show that appeals to a broad audience.",to create a successful and engaging talk show that promotes cross-cultural understanding and appreciation.,to create an authentic and raw show that accurately represents the diverse perspectives of people from different cultures.,to produce a well-researched and engaging show that appeals to a wide audience and garners high ratings.
Writing a Bestseller on Overcoming Life Challenges,Publishing & Inspirational Storytelling,Oprah Winfrey,J.K. Rowling,"{ ""Openness"": 5, ""Conscientiousness"": 4, ""Agreeableness"": 5, ""Extroversion"": 5, ""Neuroticism"": 3 }","{ ""Openness"": 5, ""Conscientiousness"": 5, ""Agreeableness"": 4, ""Extroversion"": 3, ""Neuroticism"": 4 }","In the midst of a fierce storm, two writers, AGENT 1 and AGENT 2, were stranded on a remote island with a rickety cabin as their only shelter. The storm outside grew more intense by the minute, and their chances of survival hung precariously in the balance. They knew they had to work together to survive, but their vastly different personalities made their collaboration a potentially volatile equation. Agent 1, an introverted writer with a background in psychology, was analytical and meticulous. Agent 2, an extroverted writer with a background in sales, was charismatic and impulsive. Their shared goal was to survive the night and find a way off the island, but their personal goals were at odds with one another. Agent 1 wanted to use the experience as a catalyst for her next novel, while Agent 2 saw the opportunity as a chance to create a bestselling memoir about overcoming adversity. As the storm raged on, they had to navigate their differences to stay alive and achieve their shared goal, but their conflicting objectives created tension and obstacles that threatened to tear them apart. With each passing hour, their situation grew more desperate, and their personalities more tested.",Survive the storm and find a way off the island,Use the experience as a catalyst for her next novel,Create a bestselling memoir about overcoming adversity
Launching a Mental Wellness App for Women,Tech & Wellness,Oprah Winfrey,Arianna Huffington,"{ ""Openness"": 5, ""Conscientiousness"": 4, ""Agreeableness"": 5, ""Extroversion"": 5, ""Neuroticism"": 3 }","{ ""Openness"": 5, ""Conscientiousness"": 5, ""Agreeableness"": 4, ""Extroversion"": 3, ""Neuroticism"": 2 }","Agent 1 and Agent 2, both co-founders of a startup, aim to launch a mental wellness app tailored for women. The company, \",achieve financial success with the app,"Agent 1: ensure the app prioritizes user experience and emotional intelligence, becoming a leader in the market.","Agent 2: prioritize profit margins, ensuring the company’s financial stability, even if it means cutting costs on features."
Hosting a Panel on Overcoming Trauma & Healing,Psychology & Personal Growth,Oprah Winfrey,Brené Brown,"{ ""Openness"": 5, ""Conscientiousness"": 4, ""Agreeableness"": 5, ""Extroversion"": 5, ""Neuroticism"": 3 }","{ ""Openness"": 5, ""Conscientiousness"": 4, ""Agreeableness"": 5, ""Extroversion"": 4, ""Neuroticism"": 3 }",The Panel on Overcoming Trauma & Healing,"Host a successful panel discussion on overcoming trauma and healing, with a high level of engagement and emotional safety for all participants.","To create a comfortable and intimate atmosphere for the audience, ensuring they feel safe to share their stories and connect with others who have gone through similar experiences.","To deliver a data-driven presentation on the latest research and findings on trauma and healing, and establish the panel as a thought leader in the field of psychology and personal growth."
Producing a Netflix Documentary on Racism & Justice,Social Activism & Media Production,Oprah Winfrey,Ava DuVernay,"{ ""Openness"": 5, ""Conscientiousness"": 4, ""Agreeableness"": 5, ""Extroversion"": 5, ""Neuroticism"": 3 }","{ ""Openness"": 5, ""Conscientiousness"": 4, ""Agreeableness"": 5, ""Extroversion"": 4, ""Neuroticism"": 3 }",Scenario 1: The Documentary Debacle,Producing a thought-provoking Netflix documentary on racism and justice that sparks meaningful conversations and promotes social change,"To create a documentary that is both informative and entertaining, showcasing a balanced perspective on the issue, and achieving high viewership numbers","To create a documentary that highlights the harsh realities of systemic racism and pushes for concrete actions and policy changes, while also gaining critical acclaim and awards"
Organizing a Live Event for Spiritual Awakening,Spirituality & Personal Transformation,Oprah Winfrey,Deepak Chopra,"{ ""Openness"": 5, ""Conscientiousness"": 4, ""Agreeableness"": 5, ""Extroversion"": 5, ""Neuroticism"": 3 }","{ ""Openness"": 5, ""Conscientiousness"": 4, ""Agreeableness"": 5, ""Extroversion"": 3, ""Neuroticism"": 2 }",Organizing a Live Event for Spiritual Awakening Under Challenging Circumstances,to host a successful and transformative live event for spiritual awakening that attracts a large audience,to create a unique and immersive experience that sets a new standard for spiritual events while maximizing profits,to create a safe and inclusive space for attendees to connect with their inner selves and the community
Hosting a Roundtable on Leadership & Legacy,Leadership & Motivation,Oprah Winfrey,Indra Nooyi,"{ ""Openness"": 5, ""Conscientiousness"": 4, ""Agreeableness"": 5, ""Extroversion"": 5, ""Neuroticism"": 3 }","{ ""Openness"": 4, ""Conscientiousness"": 5, ""Agreeableness"": 4, ""Extroversion"": 3, ""Neuroticism"": 2 }",The,organizing,maximizing,protecting
